mutation	mutation_count	lineage_count	lineage	gene	ref_aa	alt_aa	codon_num	codon_end	type	prevalence	change_length_nt	pangolin_lineage	id	source
"s:d614g"	28238	29112	"B.1.351"	"S"	"D"	"G"	614	"None"	"substitution"	0.9699780159384447	"None"	"B.1.351"	"s_d614g"	
"orf1a:t265i"	27912	29112	"B.1.351"	"ORF1a"	"T"	"I"	265	"None"	"substitution"	0.9587798845836768	"None"	"B.1.351"	"orf1a_t265i"	
"orf1a:k3353r"	27858	29112	"B.1.351"	"ORF1a"	"K"	"R"	3353	"None"	"substitution"	0.9569249793899423	"None"	"B.1.351"	"orf1a_k3353r"	
"e:p71l"	27657	29112	"B.1.351"	"E"	"P"	"L"	71	"None"	"substitution"	0.9500206100577082	"None"	"B.1.351"	"e_p71l"	
"s:d80a"	27612	29112	"B.1.351"	"S"	"D"	"A"	80	"None"	"substitution"	0.948474855729596	"None"	"B.1.351"	"s_d80a"	
"orf3a:q57h"	27483	29112	"B.1.351"	"ORF3a"	"Q"	"H"	57	"None"	"substitution"	0.9440436933223413	"None"	"B.1.351"	"orf3a_q57h"	
"n:t205i"	27409	29112	"B.1.351"	"N"	"T"	"I"	205	"None"	"substitution"	0.9415017862050014	"None"	"B.1.351"	"n_t205i"	
"s:a701v"	27208	29112	"B.1.351"	"S"	"A"	"V"	701	"None"	"substitution"	0.9345974168727672	"None"	"B.1.351"	"s_a701v"	
"s:d215g"	26479	29112	"B.1.351"	"S"	"D"	"G"	215	"None"	"substitution"	0.9095561967573509	"None"	"B.1.351"	"s_d215g"	
"orf1a:del3675/3677"	26250	29112	"B.1.351"	"ORF1a"	"ORF1A:DEL3675/3677"	"DEL3675/3677"	3675	3677	"deletion"	0.9016900247320693	9	"B.1.351"	"orf1a_del3675_3677"	
"orf1b:p314l"	26219	29112	"B.1.351"	"ORF1b"	"P"	"L"	314	"None"	"substitution"	0.9006251717504808	"None"	"B.1.351"	"orf1b_p314l"	
"s:k417n"	26147	29112	"B.1.351"	"S"	"K"	"N"	417	"None"	"substitution"	0.8981519648255015	"None"	"B.1.351"	"s_k417n"	
"orf1a:k1655n"	25938	29112	"B.1.351"	"ORF1a"	"K"	"N"	1655	"None"	"substitution"	0.8909727947238252	"None"	"B.1.351"	"orf1a_k1655n"	
"orf3a:s171l"	25444	29112	"B.1.351"	"ORF3a"	"S"	"L"	171	"None"	"substitution"	0.8740038472107722	"None"	"B.1.351"	"orf3a_s171l"	
"s:n501y"	25215	29112	"B.1.351"	"S"	"N"	"Y"	501	"None"	"substitution"	0.8661376751854906	"None"	"B.1.351"	"s_n501y"	
"s:e484k"	24678	29112	"B.1.351"	"S"	"E"	"K"	484	"None"	"substitution"	0.847691673536686	"None"	"B.1.351"	"s_e484k"	
