mutation	mutation_count	lineage_count	lineage	gene	ref_aa	alt_aa	codon_num	codon_end	type	prevalence	change_length_nt	pangolin_lineage	id	source
"s:d614g"	23954	24523	"B.1.351"	"S"	"D"	"G"	614	"None"	"substitution"	0.9767972923378053	"None"	"B.1.351"	"s_d614g"	
"orf1a:t265i"	23805	24523	"B.1.351"	"ORF1a"	"T"	"I"	265	"None"	"substitution"	0.9707213636178281	"None"	"B.1.351"	"orf1a_t265i"	
"orf1a:k3353r"	23699	24523	"B.1.351"	"ORF1a"	"K"	"R"	3353	"None"	"substitution"	0.9663988908371732	"None"	"B.1.351"	"orf1a_k3353r"	
"s:d80a"	23533	24523	"B.1.351"	"S"	"D"	"A"	80	"None"	"substitution"	0.9596297353504873	"None"	"B.1.351"	"s_d80a"	
"e:p71l"	23397	24523	"B.1.351"	"E"	"P"	"L"	71	"None"	"substitution"	0.9540839212168168	"None"	"B.1.351"	"e_p71l"	
"n:t205i"	23240	24523	"B.1.351"	"N"	"T"	"I"	205	"None"	"substitution"	0.9476817681360356	"None"	"B.1.351"	"n_t205i"	
"orf3a:q57h"	23217	24523	"B.1.351"	"ORF3a"	"Q"	"H"	57	"None"	"substitution"	0.9467438730987237	"None"	"B.1.351"	"orf3a_q57h"	
"s:a701v"	23148	24523	"B.1.351"	"S"	"A"	"V"	701	"None"	"substitution"	0.943930187986788	"None"	"B.1.351"	"s_a701v"	
"s:d215g"	22553	24523	"B.1.351"	"S"	"D"	"G"	215	"None"	"substitution"	0.9196672511519798	"None"	"B.1.351"	"s_d215g"	
"s:k417n"	22192	24523	"B.1.351"	"S"	"K"	"N"	417	"None"	"substitution"	0.9049463768706928	"None"	"B.1.351"	"s_k417n"	
"orf1a:del3675/3677"	22155	24523	"B.1.351"	"ORF1a"	"ORF1A:DEL3675/3677"	"DEL3675/3677"	3675	3677	"deletion"	0.9034375892019737	9	"B.1.351"	"orf1a_del3675_3677"	
"orf1a:k1655n"	22099	24523	"B.1.351"	"ORF1a"	"K"	"N"	1655	"None"	"substitution"	0.9011540186763447	"None"	"B.1.351"	"orf1a_k1655n"	
"orf1b:p314l"	22060	24523	"B.1.351"	"ORF1b"	"P"	"L"	314	"None"	"substitution"	0.8995636749174245	"None"	"B.1.351"	"orf1b_p314l"	
"s:n501y"	21584	24523	"B.1.351"	"S"	"N"	"Y"	501	"None"	"substitution"	0.8801533254495779	"None"	"B.1.351"	"s_n501y"	
"orf3a:s171l"	21378	24523	"B.1.351"	"ORF3a"	"S"	"L"	171	"None"	"substitution"	0.8717530481588712	"None"	"B.1.351"	"orf3a_s171l"	
"s:e484k"	21350	24523	"B.1.351"	"S"	"E"	"K"	484	"None"	"substitution"	0.8706112628960567	"None"	"B.1.351"	"s_e484k"	
"s:del241/243"	18654	24523	"B.1.351"	"S"	"S:DEL241/243"	"DEL241/243"	241	243	"deletion"	0.7606736533050605	9	"B.1.351"	"s_del241_243"	
