mutation	mutation_count	lineage_count	gene	ref_aa	alt_aa	codon_num	codon_end	type	prevalence	change_length_nt	pangolin_lineage	id	source
"orf1b:p314l"	5343	5427	"ORF1b"	"P"	"L"	314	"None"	"substitution"	0.9845218352681039	"None"	"B.1.526.1"	"orf1b_p314l"	
"s:d614g"	5341	5427	"S"	"D"	"G"	614	"None"	"substitution"	0.9841533075363921	"None"	"B.1.526.1"	"s_d614g"	
"orf1a:t265i"	5338	5427	"ORF1a"	"T"	"I"	265	"None"	"substitution"	0.9836005159388244	"None"	"B.1.526.1"	"orf1a_t265i"	
"orf3a:q57h"	5328	5427	"ORF3a"	"Q"	"H"	57	"None"	"substitution"	0.9817578772802653	"None"	"B.1.526.1"	"orf3a_q57h"	
"orf1a:del3675/3677"	5318	5427	"ORF1a"	"ORF1A:DEL3675/3677"	"DEL3675/3677"	3675	3677	"deletion"	0.9799152386217063	9	"B.1.526.1"	"orf1a_del3675_3677"	
"n:m234i"	5308	5427	"N"	"M"	"I"	234	"None"	"substitution"	0.9780725999631472	"None"	"B.1.526.1"	"n_m234i"	
"s:l452r"	5304	5427	"S"	"L"	"R"	452	"None"	"substitution"	0.9773355444997236	"None"	"B.1.526.1"	"s_l452r"	
"orf1a:a3209v"	5302	5427	"ORF1a"	"A"	"V"	3209	"None"	"substitution"	0.9769670167680118	"None"	"B.1.526.1"	"orf1a_a3209v"	
"n:t205i"	5300	5427	"N"	"T"	"I"	205	"None"	"substitution"	0.9765984890363	"None"	"B.1.526.1"	"n_t205i"	
"orf3a:p42l"	5294	5427	"ORF3a"	"P"	"L"	42	"None"	"substitution"	0.9754929058411645	"None"	"B.1.526.1"	"orf3a_p42l"	
"orf1a:l3201p"	5230	5427	"ORF1a"	"L"	"P"	3201	"None"	"substitution"	0.9637000184263866	"None"	"B.1.526.1"	"orf1a_l3201p"	
"orf1a:v3847i"	5216	5427	"ORF1a"	"V"	"I"	3847	"None"	"substitution"	0.9611203243044039	"None"	"B.1.526.1"	"orf1a_v3847i"	
"orf8:t11i"	5216	5427	"ORF8"	"T"	"I"	11	"None"	"substitution"	0.9611203243044039	"None"	"B.1.526.1"	"orf8_t11i"	
"orf1a:k3162e"	5212	5427	"ORF1a"	"K"	"E"	3162	"None"	"substitution"	0.9603832688409802	"None"	"B.1.526.1"	"orf1a_k3162e"	
"s:f157s"	5152	5427	"S"	"F"	"S"	157	"None"	"substitution"	0.949327436889626	"None"	"B.1.526.1"	"s_f157s"	
"orf8:a51s"	5140	5427	"ORF8"	"A"	"S"	51	"None"	"substitution"	0.9471162704993551	"None"	"B.1.526.1"	"orf8_a51s"	
"s:t859n"	4923	5427	"S"	"T"	"N"	859	"None"	"substitution"	0.9071310116086235	"None"	"B.1.526.1"	"s_t859n"	
"s:del144/145"	4917	5427	"S"	"S:DEL144/145"	"DEL144/145"	144	145	"deletion"	0.9060254284134881	6	"B.1.526.1"	"s_del144_145"	
"s:d80g"	4793	5427	"S"	"D"	"G"	80	"None"	"substitution"	0.8831767090473558	"None"	"B.1.526.1"	"s_d80g"	
"s:d950h"	4783	5427	"S"	"D"	"H"	950	"None"	"substitution"	0.8813340703887967	"None"	"B.1.526.1"	"s_d950h"	
