mutation	mutation_count	lineage_count	gene	ref_aa	alt_aa	codon_num	codon_end	type	prevalence	change_length_nt	pangolin_lineage	id	source
"n:g204r"	1557	1560	"N"	"G"	"R"	204	"None"	"substitution"	0.9980769230769231	"None"	"B.1.1.318"	"n_g204r"	
"orf8:e106*"	1557	1560	"ORF8"	"E"	"*"	106	"None"	"substitution"	0.9980769230769231	"None"	"B.1.1.318"	"orf8_e106*"	
"s:d614g"	1557	1560	"S"	"D"	"G"	614	"None"	"substitution"	0.9980769230769231	"None"	"B.1.1.318"	"s_d614g"	
"m:i82t"	1553	1560	"M"	"I"	"T"	82	"None"	"substitution"	0.9955128205128205	"None"	"B.1.1.318"	"m_i82t"	
"orf1a:del3675/3677"	1552	1560	"ORF1a"	"ORF1A:DEL3675/3677"	"DEL3675/3677"	3675	3677	"deletion"	0.9948717948717949	9	"B.1.1.318"	"orf1a_del3675_3677"	
"orf1b:p314l"	1552	1560	"ORF1b"	"P"	"L"	314	"None"	"substitution"	0.9948717948717949	"None"	"B.1.1.318"	"orf1b_p314l"	
"s:p681h"	1552	1560	"S"	"P"	"H"	681	"None"	"substitution"	0.9948717948717949	"None"	"B.1.1.318"	"s_p681h"	
"n:del209"	1550	1560	"N"	"N:DEL209"	"DEL209"	209	"None"	"deletion"	0.9935897435897436	"None"	"B.1.1.318"	"n_del209"	
"orf1a:a3209v"	1550	1560	"ORF1a"	"A"	"V"	3209	"None"	"substitution"	0.9935897435897436	"None"	"B.1.1.318"	"orf1a_a3209v"	
"orf1a:t2936i"	1548	1560	"ORF1a"	"T"	"I"	2936	"None"	"substitution"	0.9923076923076923	"None"	"B.1.1.318"	"orf1a_t2936i"	
"n:r203k"	1547	1560	"N"	"R"	"K"	203	"None"	"substitution"	0.9916666666666667	"None"	"B.1.1.318"	"n_r203k"	
"s:e484k"	1546	1560	"S"	"E"	"K"	484	"None"	"substitution"	0.9910256410256411	"None"	"B.1.1.318"	"s_e484k"	
"s:t95i"	1541	1560	"S"	"T"	"I"	95	"None"	"substitution"	0.9878205128205129	"None"	"B.1.1.318"	"s_t95i"	
"s:d796h"	1534	1560	"S"	"D"	"H"	796	"None"	"substitution"	0.9833333333333333	"None"	"B.1.1.318"	"s_d796h"	
"orf1a:k2511n"	1518	1560	"ORF1a"	"K"	"N"	2511	"None"	"substitution"	0.9730769230769231	"None"	"B.1.1.318"	"orf1a_k2511n"	
"orf1b:v2371m"	1473	1560	"ORF1b"	"V"	"M"	2371	"None"	"substitution"	0.9442307692307692	"None"	"B.1.1.318"	"orf1b_v2371m"	
"orf1a:t3284i"	1370	1560	"ORF1a"	"T"	"I"	3284	"None"	"substitution"	0.8782051282051282	"None"	"B.1.1.318"	"orf1a_t3284i"	
"s:del144/145"	1287	1560	"S"	"S:DEL144/145"	"DEL144/145"	144	145	"deletion"	0.825	6	"B.1.1.318"	"s_del144_145"	
"orf1a:e1196v"	1242	1560	"ORF1a"	"E"	"V"	1196	"None"	"substitution"	0.7961538461538461	"None"	"B.1.1.318"	"orf1a_e1196v"	
