mutation	mutation_count	lineage_count	gene	ref_aa	alt_aa	codon_num	codon_end	type	prevalence	change_length_nt	pangolin_lineage	id	source
"s:d614g"	14371	14596	"S"	"D"	"G"	614	"None"	"substitution"	0.98458481775829	"None"	"B.1.351"	"s_d614g"	
"orf1a:t265i"	14353	14596	"ORF1a"	"T"	"I"	265	"None"	"substitution"	0.9833516031789531	"None"	"B.1.351"	"orf1a_t265i"	
"orf1a:k3353r"	14333	14596	"ORF1a"	"K"	"R"	3353	"None"	"substitution"	0.9819813647574678	"None"	"B.1.351"	"orf1a_k3353r"	
"e:p71l"	14282	14596	"E"	"P"	"L"	71	"None"	"substitution"	0.9784872567826802	"None"	"B.1.351"	"e_p71l"	
"s:d80a"	14261	14596	"S"	"D"	"A"	80	"None"	"substitution"	0.9770485064401205	"None"	"B.1.351"	"s_d80a"	
"s:a701v"	14229	14596	"S"	"A"	"V"	701	"None"	"substitution"	0.974856124965744	"None"	"B.1.351"	"s_a701v"	
"orf3a:q57h"	14225	14596	"ORF3a"	"Q"	"H"	57	"None"	"substitution"	0.974582077281447	"None"	"B.1.351"	"orf3a_q57h"	
"n:t205i"	14079	14596	"N"	"T"	"I"	205	"None"	"substitution"	0.964579336804604	"None"	"B.1.351"	"n_t205i"	
"orf1a:k1655n"	13980	14596	"ORF1a"	"K"	"N"	1655	"None"	"substitution"	0.9577966566182515	"None"	"B.1.351"	"orf1a_k1655n"	
"s:k417n"	13964	14596	"S"	"K"	"N"	417	"None"	"substitution"	0.9567004658810633	"None"	"B.1.351"	"s_k417n"	
"s:d215g"	13942	14596	"S"	"D"	"G"	215	"None"	"substitution"	0.9551932036174294	"None"	"B.1.351"	"s_d215g"	
"orf1a:del3675/3677"	13663	14596	"ORF1a"	"ORF1A:DEL3675/3677"	"DEL3675/3677"	3675	3677	"deletion"	0.936078377637709	9	"B.1.351"	"orf1a_del3675_3677"	
"orf3a:s171l"	13662	14596	"ORF3a"	"S"	"L"	171	"None"	"substitution"	0.9360098657166347	"None"	"B.1.351"	"orf3a_s171l"	
"orf1b:p314l"	13283	14596	"ORF1b"	"P"	"L"	314	"None"	"substitution"	0.9100438476294875	"None"	"B.1.351"	"orf1b_p314l"	
"s:n501y"	13214	14596	"S"	"N"	"Y"	501	"None"	"substitution"	0.9053165250753631	"None"	"B.1.351"	"s_n501y"	
"s:e484k"	13118	14596	"S"	"E"	"K"	484	"None"	"substitution"	0.8987393806522335	"None"	"B.1.351"	"s_e484k"	
"s:del241/243"	11891	14596	"S"	"S:DEL241/243"	"DEL241/243"	241	243	"deletion"	0.814675253494108	9	"B.1.351"	"s_del241_243"	
