mutation	mutation_count	lineage_count	gene	ref_aa	alt_aa	codon_num	codon_end	type	prevalence	change_length_nt	pangolin_lineage	id	source
"s:d614g"	17734	18013	"S"	"D"	"G"	614	"None"	"substitution"	0.9845111863654028	"None"	"B.1.351"	"s_d614g"	
"orf1a:t265i"	17711	18013	"ORF1a"	"T"	"I"	265	"None"	"substitution"	0.983234330761117	"None"	"B.1.351"	"orf1a_t265i"	
"orf1a:k3353r"	17704	18013	"ORF1a"	"K"	"R"	3353	"None"	"substitution"	0.9828457225337256	"None"	"B.1.351"	"orf1a_k3353r"	
"e:p71l"	17615	18013	"E"	"P"	"L"	71	"None"	"substitution"	0.9779048464997502	"None"	"B.1.351"	"e_p71l"	
"s:d80a"	17599	18013	"S"	"D"	"A"	80	"None"	"substitution"	0.9770165991228558	"None"	"B.1.351"	"s_d80a"	
"orf3a:q57h"	17561	18013	"ORF3a"	"Q"	"H"	57	"None"	"substitution"	0.9749070116027314	"None"	"B.1.351"	"orf3a_q57h"	
"s:a701v"	17559	18013	"S"	"A"	"V"	701	"None"	"substitution"	0.9747959806806196	"None"	"B.1.351"	"s_a701v"	
"n:t205i"	17404	18013	"N"	"T"	"I"	205	"None"	"substitution"	0.9661910842169544	"None"	"B.1.351"	"n_t205i"	
"orf1a:k1655n"	17273	18013	"ORF1a"	"K"	"N"	1655	"None"	"substitution"	0.958918558818631	"None"	"B.1.351"	"orf1a_k1655n"	
"s:d215g"	17260	18013	"S"	"D"	"G"	215	"None"	"substitution"	0.9581968578249043	"None"	"B.1.351"	"s_d215g"	
"s:k417n"	17198	18013	"S"	"K"	"N"	417	"None"	"substitution"	0.9547548992394382	"None"	"B.1.351"	"s_k417n"	
"orf3a:s171l"	16920	18013	"ORF3a"	"S"	"L"	171	"None"	"substitution"	0.9393216010658969	"None"	"B.1.351"	"orf3a_s171l"	
"orf1a:del3675/3677"	16799	18013	"ORF1a"	"ORF1A:DEL3675/3677"	"DEL3675/3677"	3675	3677	"deletion"	0.9326042302781324	9	"B.1.351"	"orf1a_del3675_3677"	
"orf1b:p314l"	16319	18013	"ORF1b"	"P"	"L"	314	"None"	"substitution"	0.9059568089712985	"None"	"B.1.351"	"orf1b_p314l"	
"s:n501y"	16169	18013	"S"	"N"	"Y"	501	"None"	"substitution"	0.8976294898129129	"None"	"B.1.351"	"s_n501y"	
"s:e484k"	16048	18013	"S"	"E"	"K"	484	"None"	"substitution"	0.8909121190251486	"None"	"B.1.351"	"s_e484k"	
"s:del241/243"	14647	18013	"S"	"S:DEL241/243"	"DEL241/243"	241	243	"deletion"	0.8131349580858269	9	"B.1.351"	"s_del241_243"	
