mutation	mutation_count	lineage_count	gene	ref_aa	alt_aa	codon_num	codon_end	type	prevalence	change_length_nt	pangolin_lineage	id	source
"orf1b:p314l"	7033	7042	"ORF1b"	"P"	"L"	314	"None"	"substitution"	0.9987219539903437	"None"	"B.1.526.1"	"orf1b_p314l"	
"orf1a:t265i"	7028	7042	"ORF1a"	"T"	"I"	265	"None"	"substitution"	0.9980119284294234	"None"	"B.1.526.1"	"orf1a_t265i"	
"s:d950h"	7026	7042	"S"	"D"	"H"	950	"None"	"substitution"	0.9977279182050554	"None"	"B.1.526.1"	"s_d950h"	
"s:t859n"	7026	7042	"S"	"T"	"N"	859	"None"	"substitution"	0.9977279182050554	"None"	"B.1.526.1"	"s_t859n"	
"orf3a:q57h"	7014	7042	"ORF3a"	"Q"	"H"	57	"None"	"substitution"	0.9960238568588469	"None"	"B.1.526.1"	"orf3a_q57h"	
"orf1a:v3847i"	7000	7042	"ORF1a"	"V"	"I"	3847	"None"	"substitution"	0.9940357852882704	"None"	"B.1.526.1"	"orf1a_v3847i"	
"orf1a:a3209v"	6991	7042	"ORF1a"	"A"	"V"	3209	"None"	"substitution"	0.992757739278614	"None"	"B.1.526.1"	"orf1a_a3209v"	
"orf8:t11i"	6987	7042	"ORF8"	"T"	"I"	11	"None"	"substitution"	0.9921897188298778	"None"	"B.1.526.1"	"orf8_t11i"	
"n:m234i"	6986	7042	"N"	"M"	"I"	234	"None"	"substitution"	0.9920477137176938	"None"	"B.1.526.1"	"n_m234i"	
"orf8:a51s"	6986	7042	"ORF8"	"A"	"S"	51	"None"	"substitution"	0.9920477137176938	"None"	"B.1.526.1"	"orf8_a51s"	
"orf1a:l3201p"	6985	7042	"ORF1a"	"L"	"P"	3201	"None"	"substitution"	0.9919057086055098	"None"	"B.1.526.1"	"orf1a_l3201p"	
"orf1a:k3162e"	6982	7042	"ORF1a"	"K"	"E"	3162	"None"	"substitution"	0.9914796932689577	"None"	"B.1.526.1"	"orf1a_k3162e"	
"s:d614g"	6980	7042	"S"	"D"	"G"	614	"None"	"substitution"	0.9911956830445896	"None"	"B.1.526.1"	"s_d614g"	
"n:t205i"	6975	7042	"N"	"T"	"I"	205	"None"	"substitution"	0.9904856574836695	"None"	"B.1.526.1"	"n_t205i"	
"orf3a:p42l"	6933	7042	"ORF3a"	"P"	"L"	42	"None"	"substitution"	0.9845214427719398	"None"	"B.1.526.1"	"orf3a_p42l"	
"orf1a:del3675/3677"	6891	7042	"ORF1a"	"ORF1A:DEL3675/3677"	"DEL3675/3677"	3675	3677	"deletion"	0.9785572280602102	9	"B.1.526.1"	"orf1a_del3675_3677"	
"s:f157s"	6885	7042	"S"	"F"	"S"	157	"None"	"substitution"	0.9777051973871059	"None"	"B.1.526.1"	"s_f157s"	
"s:l452r"	6844	7042	"S"	"L"	"R"	452	"None"	"substitution"	0.9718829877875603	"None"	"B.1.526.1"	"s_l452r"	
"s:del144/145"	6227	7042	"S"	"S:DEL144/145"	"DEL144/145"	144	145	"deletion"	0.8842658335700085	6	"B.1.526.1"	"s_del144_145"	
"s:d80g"	6213	7042	"S"	"D"	"G"	80	"None"	"substitution"	0.882277761999432	"None"	"B.1.526.1"	"s_d80g"	
