mutation	mutation_count	lineage_count	gene	ref_aa	alt_aa	codon_num	codon_end	type	prevalence	change_length_nt	pangolin_lineage	id	source
"s:d614g"	9889	10063	"S"	"D"	"G"	614	"None"	"substitution"	0.9827089337175793	"None"	"B.1.351"	"s_d614g"	
"orf1a:t265i"	9872	10063	"ORF1a"	"T"	"I"	265	"None"	"substitution"	0.9810195766669979	"None"	"B.1.351"	"orf1a_t265i"	
"orf1a:k3353r"	9858	10063	"ORF1a"	"K"	"R"	3353	"None"	"substitution"	0.9796283414488721	"None"	"B.1.351"	"orf1a_k3353r"	
"e:p71l"	9850	10063	"E"	"P"	"L"	71	"None"	"substitution"	0.9788333498956574	"None"	"B.1.351"	"e_p71l"	
"s:d80a"	9821	10063	"S"	"D"	"A"	80	"None"	"substitution"	0.9759515055152539	"None"	"B.1.351"	"s_d80a"	
"s:a701v"	9814	10063	"S"	"A"	"V"	701	"None"	"substitution"	0.975255887906191	"None"	"B.1.351"	"s_a701v"	
"orf3a:q57h"	9762	10063	"ORF3a"	"Q"	"H"	57	"None"	"substitution"	0.9700884428102952	"None"	"B.1.351"	"orf3a_q57h"	
"s:k417n"	9667	10063	"S"	"K"	"N"	417	"None"	"substitution"	0.96064791811587	"None"	"B.1.351"	"s_k417n"	
"orf1a:k1655n"	9659	10063	"ORF1a"	"K"	"N"	1655	"None"	"substitution"	0.9598529265626553	"None"	"B.1.351"	"orf1a_k1655n"	
"n:t205i"	9643	10063	"N"	"T"	"I"	205	"None"	"substitution"	0.9582629434562258	"None"	"B.1.351"	"n_t205i"	
"s:d215g"	9538	10063	"S"	"D"	"G"	215	"None"	"substitution"	0.9478286793202823	"None"	"B.1.351"	"s_d215g"	
"orf1a:del3675/3677"	9477	10063	"ORF1a"	"ORF1A:DEL3675/3677"	"DEL3675/3677"	3675	3677	"deletion"	0.9417668687270198	9	"B.1.351"	"orf1a_del3675_3677"	
"orf3a:s171l"	9314	10063	"ORF3a"	"S"	"L"	171	"None"	"substitution"	0.9255689158302693	"None"	"B.1.351"	"orf3a_s171l"	
"orf1b:p314l"	9237	10063	"ORF1b"	"P"	"L"	314	"None"	"substitution"	0.9179171221305774	"None"	"B.1.351"	"orf1b_p314l"	
"s:n501y"	9218	10063	"S"	"N"	"Y"	501	"None"	"substitution"	0.9160290171916924	"None"	"B.1.351"	"s_n501y"	
"s:e484k"	9178	10063	"S"	"E"	"K"	484	"None"	"substitution"	0.9120540594256186	"None"	"B.1.351"	"s_e484k"	
"s:del241/243"	8223	10063	"S"	"S:DEL241/243"	"DEL241/243"	241	243	"deletion"	0.8171519427606082	9	"B.1.351"	"s_del241_243"	
