mutation	mutation_count	lineage_count	gene	ref_aa	alt_aa	codon_num	codon_end	type	prevalence	change_length_nt	pangolin_lineage	id	source
"orf1a:del3675/3677"	2795	2873	"ORF1a"	"ORF1A:DEL3675/3677"	"DEL3675/3677"	3675	3677	"deletion"	0.9728506787330317	9	"B.1.526.1"	"orf1a_del3675_3677"	
"orf1b:p314l"	2789	2873	"ORF1b"	"P"	"L"	314	"None"	"substitution"	0.9707622694048034	"None"	"B.1.526.1"	"orf1b_p314l"	
"orf1a:t265i"	2785	2873	"ORF1a"	"T"	"I"	265	"None"	"substitution"	0.9693699965193178	"None"	"B.1.526.1"	"orf1a_t265i"	
"s:d614g"	2784	2873	"S"	"D"	"G"	614	"None"	"substitution"	0.9690219282979464	"None"	"B.1.526.1"	"s_d614g"	
"orf3a:q57h"	2780	2873	"ORF3a"	"Q"	"H"	57	"None"	"substitution"	0.9676296554124608	"None"	"B.1.526.1"	"orf3a_q57h"	
"n:t205i"	2764	2873	"N"	"T"	"I"	205	"None"	"substitution"	0.9620605638705186	"None"	"B.1.526.1"	"n_t205i"	
"n:m234i"	2763	2873	"N"	"M"	"I"	234	"None"	"substitution"	0.9617124956491472	"None"	"B.1.526.1"	"n_m234i"	
"orf1a:a3209v"	2761	2873	"ORF1a"	"A"	"V"	3209	"None"	"substitution"	0.9610163592064045	"None"	"B.1.526.1"	"orf1a_a3209v"	
"orf3a:p42l"	2757	2873	"ORF3a"	"P"	"L"	42	"None"	"substitution"	0.9596240863209189	"None"	"B.1.526.1"	"orf3a_p42l"	
"orf1a:l3201p"	2713	2873	"ORF1a"	"L"	"P"	3201	"None"	"substitution"	0.9443090845805778	"None"	"B.1.526.1"	"orf1a_l3201p"	
"orf8:t11i"	2712	2873	"ORF8"	"T"	"I"	11	"None"	"substitution"	0.9439610163592064	"None"	"B.1.526.1"	"orf8_t11i"	
"s:l452r"	2711	2873	"S"	"L"	"R"	452	"None"	"substitution"	0.943612948137835	"None"	"B.1.526.1"	"s_l452r"	
"orf1a:k3162e"	2698	2873	"ORF1a"	"K"	"E"	3162	"None"	"substitution"	0.939088061260007	"None"	"B.1.526.1"	"orf1a_k3162e"	
"orf1a:v3847i"	2698	2873	"ORF1a"	"V"	"I"	3847	"None"	"substitution"	0.939088061260007	"None"	"B.1.526.1"	"orf1a_v3847i"	
"s:f157s"	2667	2873	"S"	"F"	"S"	157	"None"	"substitution"	0.9282979463974939	"None"	"B.1.526.1"	"s_f157s"	
"orf8:a51s"	2653	2873	"ORF8"	"A"	"S"	51	"None"	"substitution"	0.9234249912982945	"None"	"B.1.526.1"	"orf8_a51s"	
"s:del144/144"	2589	2873	"S"	"S:DEL144/144"	"DEL144/144"	144	144	"deletion"	0.9011486251305256	3	"B.1.526.1"	"s_del144_144"	
"s:t859n"	2537	2873	"S"	"T"	"N"	859	"None"	"substitution"	0.8830490776192134	"None"	"B.1.526.1"	"s_t859n"	
"s:d80g"	2480	2873	"S"	"D"	"G"	80	"None"	"substitution"	0.8632091890010442	"None"	"B.1.526.1"	"s_d80g"	
"s:d950h"	2454	2873	"S"	"D"	"H"	950	"None"	"substitution"	0.8541594152453881	"None"	"B.1.526.1"	"s_d950h"	
