mutation	mutation_count	lineage_count	lineage	gene	ref_aa	alt_aa	codon_num	codon_end	type	prevalence	change_length_nt	pangolin_lineage	id	source
"s:d614g"	22409	22851	"B.1.351"	"S"	"D"	"G"	614	"None"	"substitution"	0.9806573016498183	"None"	"B.1.351"	"s_d614g"	
"orf1a:t265i"	22092	22851	"B.1.351"	"ORF1a"	"T"	"I"	265	"None"	"substitution"	0.9667848234212945	"None"	"B.1.351"	"orf1a_t265i"	
"orf1a:k3353r"	21856	22851	"B.1.351"	"ORF1a"	"K"	"R"	3353	"None"	"substitution"	0.9564570478316048	"None"	"B.1.351"	"orf1a_k3353r"	
"s:d80a"	21759	22851	"B.1.351"	"S"	"D"	"A"	80	"None"	"substitution"	0.9522121570171984	"None"	"B.1.351"	"s_d80a"	
"e:p71l"	21617	22851	"B.1.351"	"E"	"P"	"L"	71	"None"	"substitution"	0.9459979869589953	"None"	"B.1.351"	"e_p71l"	
"orf3a:q57h"	21473	22851	"B.1.351"	"ORF3a"	"Q"	"H"	57	"None"	"substitution"	0.9396962933788455	"None"	"B.1.351"	"orf3a_q57h"	
"n:t205i"	21421	22851	"B.1.351"	"N"	"T"	"I"	205	"None"	"substitution"	0.937420681808236	"None"	"B.1.351"	"n_t205i"	
"s:a701v"	21394	22851	"B.1.351"	"S"	"A"	"V"	701	"None"	"substitution"	0.9362391142619579	"None"	"B.1.351"	"s_a701v"	
"s:k417n"	21125	22851	"B.1.351"	"S"	"K"	"N"	417	"None"	"substitution"	0.9244672005601505	"None"	"B.1.351"	"s_k417n"	
"s:d215g"	20790	22851	"B.1.351"	"S"	"D"	"G"	215	"None"	"substitution"	0.909807010634108	"None"	"B.1.351"	"s_d215g"	
"orf1a:k1655n"	20661	22851	"B.1.351"	"ORF1a"	"K"	"N"	1655	"None"	"substitution"	0.9041617434685572	"None"	"B.1.351"	"orf1a_k1655n"	
"orf1a:del3675/3677"	20655	22851	"B.1.351"	"ORF1a"	"ORF1A:DEL3675/3677"	"DEL3675/3677"	3675	3677	"deletion"	0.9038991729027176	9	"B.1.351"	"orf1a_del3675_3677"	
"orf1b:p314l"	20603	22851	"B.1.351"	"ORF1b"	"P"	"L"	314	"None"	"substitution"	0.901623561332108	"None"	"B.1.351"	"orf1b_p314l"	
"orf3a:s171l"	20308	22851	"B.1.351"	"ORF3a"	"S"	"L"	171	"None"	"substitution"	0.8887138418449958	"None"	"B.1.351"	"orf3a_s171l"	
"s:n501y"	20048	22851	"B.1.351"	"S"	"N"	"Y"	501	"None"	"substitution"	0.8773357839919478	"None"	"B.1.351"	"s_n501y"	
"s:e484k"	19921	22851	"B.1.351"	"S"	"E"	"K"	484	"None"	"substitution"	0.8717780403483436	"None"	"B.1.351"	"s_e484k"	
"s:del241/243"	17265	22851	"B.1.351"	"S"	"S:DEL241/243"	"DEL241/243"	241	243	"deletion"	0.7555468032033609	9	"B.1.351"	"s_del241_243"	
